s,l,is,oos,is_pp
5,50,0.2230,0.5671,0.0140
5,100,0.3536,0.6548,0.0223
5,150,0.4903,0.7731,0.0309
5,200,0.5743,0.7404,0.0362
5,250,0.5727,0.6476,0.0361
10,50,0.1550,0.6689,0.0098
10,100,0.3843,0.7464,0.0242
10,150,0.4899,0.7146,0.0309
10,200,0.5597,0.6996,0.0353
10,250,0.5440,0.7009,0.0343
20,50,0.1354,0.6297,0.0085
20,100,0.3789,0.5457,0.0239
20,150,0.4376,0.5891,0.0276
20,200,0.6131,0.5866,0.0386
20,250,0.5538,0.5181,0.0349
30,50,0.2081,0.5327,0.0131
30,100,0.2668,0.4634,0.0168
30,150,0.3984,0.5186,0.0251
30,200,0.6002,0.6397,0.0378
30,250,0.5758,0.4305,0.0363
50,100,0.5044,0.3823,0.0318
50,150,0.5448,0.4459,0.0343
50,200,0.6601,0.5436,0.0416
50,250,0.6363,0.5835,0.0401
1,20,0.0844,0.6058,0.0053
1,50,0.1455,0.5582,0.0092
1,100,0.2995,0.6126,0.0189
1,150,0.3463,0.5385,0.0218
1,200,0.4657,0.6676,0.0293
1,250,0.4929,0.6683,0.0310
