,,VaR 1% (%),ES 2.5% (%)
S&P 500,HS,3.4552,3.7613
S&P 500,Normal,2.7972,2.8111
S&P 500,Student-t,3.4623,3.9521
S&P 500,Cornish-Fisher,6.0773,6.6497
S&P 500,EVT,3.5584,3.7726
S&P 500,GARCH-t,1.7463,1.8087
S&P 500,FHS,1.9105,2.0283
DAX,HS,4.1955,4.2571
DAX,Normal,3.2551,3.2712
DAX,Student-t,3.9568,4.3737
DAX,Cornish-Fisher,5.4203,5.8093
DAX,EVT,4.0519,4.2381
DAX,GARCH-t,2.3119,2.3820
DAX,FHS,2.4840,2.5494
BET,HS,4.1369,4.5694
BET,Normal,3.1898,3.2058
BET,Student-t,4.0561,4.7600
BET,Cornish-Fisher,7.2544,7.9257
BET,EVT,4.1934,4.5724
BET,GARCH-t,4.5116,4.7248
BET,FHS,4.8088,5.0446
Bitcoin,HS,10.5429,10.8440
Bitcoin,Normal,7.9897,8.0296
Bitcoin,Student-t,11.0646,13.3702
Bitcoin,Cornish-Fisher,18.8875,20.6852
Bitcoin,EVT,10.3798,10.8998
Bitcoin,GARCH-t,7.3701,8.1058
Bitcoin,FHS,7.9876,8.5681
Banca Transilvania,HS,5.1080,5.3694
Banca Transilvania,Normal,4.0084,4.0285
Banca Transilvania,Student-t,4.6262,5.0295
Banca Transilvania,Cornish-Fisher,10.1890,11.1953
Banca Transilvania,EVT,4.8950,5.3515
Banca Transilvania,GARCH-t,7.1816,7.5294
Banca Transilvania,FHS,7.3264,7.9989
OMV Petrom,HS,4.2864,4.7014
OMV Petrom,Normal,3.6975,3.7161
OMV Petrom,Student-t,4.2612,4.5742
OMV Petrom,Cornish-Fisher,7.5463,8.1829
OMV Petrom,EVT,4.3752,4.7056
OMV Petrom,GARCH-t,5.0564,5.3099
OMV Petrom,FHS,5.3851,5.6501
