,region,n,a,b,q_a,q_m,var_i,covar,covar_med,dcovar,var_sys,dcovar5,b5,ci
JPM,US,5229,-2.346798150895872,0.38982944488855237,-6.270947988301506,0.06693005792053341,6.270947988301506,4.791398324100433,2.3207068435703517,2.4706914805300806,3.533503810907991,1.220324122004277,0.3895674107618488,"[1.8012234195682455, 3.1054174711209312]"
BAC,US,5229,-2.6509959772855667,0.26280587251586573,-8.132575212506232,0.06257371801132727,8.132575212506232,4.788284501809169,2.634551236727038,2.1537332650821313,3.533503810907991,1.1201212351073913,0.3098064701898279,"[1.6811913511663281, 2.7669450982196646]"
C,US,5229,-2.495172618830938,0.2521470178127528,-8.216349719498936,0.03860675975095873,8.216349719498936,4.566900697909243,2.4854380394923203,2.081462658416922,3.533503810907991,1.1756365495699037,0.30412411087675834,"[1.5387470281028761, 2.7990506407243054]"
GS,US,5229,-2.4061698528426434,0.4140733907673057,-5.87513433300726,0.07382358445315873,5.87513433300726,4.8389066473243725,2.3756014709095274,2.463305176414845,3.533503810907991,1.3271474732365018,0.41316994767678666,"[1.9868592559093465, 3.410271201790363]"
MS,US,5229,-2.32938572593942,0.31279151527402305,-7.968044780309478,0.09135346414410606,7.968044780309478,4.821722526543692,2.3008111374642537,2.520911389079438,3.533503810907991,1.2087732869618577,0.3196581678662042,"[1.7950519661718327, 3.2395402899212318]"
WFC,US,5229,-2.5453336837046585,0.3378662311999254,-6.886394491776329,0.040918843967530094,6.886394491776329,4.872013837197052,2.5315085881082915,2.3405052490887615,3.533503810907991,1.1629133792263198,0.34630382606729476,"[1.6655499757849042, 2.956785436723491]"
DBK,EU,5212,-2.388669182703062,0.3815831955738006,-7.575450948024609,0.03344157000122472,7.575450948024609,5.27933396336287,2.37590844155699,2.9034255218058798,3.897987234083457,1.560683454929916,0.39210053847329296,"[2.2446436470675137, 3.8279558809708765]"
BNP,EU,5212,-2.2966928259747044,0.45425439143083934,-6.82108708901315,0.07524680929931193,6.82108708901315,5.395201590491128,2.262511632409333,3.1326899580817953,3.897987234083457,1.6482480111518436,0.4604599102780918,"[2.477942940734145, 3.670228667550946]"
SAN,EU,5212,-2.303142636253393,0.5059446660823572,-6.036288069561523,0.08010447172676072,6.036288069561523,5.357170387984614,2.262614206053893,3.0945561819307206,3.897987234083457,1.6769846970047013,0.4896848677804537,"[2.3577158880782205, 3.8238613741778646]"
INGA,EU,5212,-2.2182025428535215,0.3704499780908099,-8.52274793170955,0.07247608805005523,8.52274793170955,5.37545432742882,2.191353777623271,3.1841005498055486,3.897987234083457,1.5641254584881294,0.40046376948275425,"[2.249552943859155, 3.9033571688904756]"
HSBA,EU,5212,-2.859702226285612,0.5611401318752014,-5.080796802501639,0.03456925345002304,5.080796802501639,5.710741214072483,2.840304030845839,2.8704371832266444,3.897987234083457,1.4311895583972551,0.5534572192598375,"[2.1350966426536204, 3.7098876247071635]"
TLV,RO,3414,-2.0803374170662656,0.611144179195041,-5.234015548010713,0.17827121991762507,5.234015548010713,5.279075553049355,1.97138799869561,3.3076875543537456,3.6847555637978786,1.5110494251339088,0.5420160110186489,"[2.3498819240704987, 4.776577023042386]"
BRD,RO,3414,-2.2295476388867765,0.6345420232030899,-4.674331951627194,0.12625092166327345,4.674331951627194,5.195607692595145,2.149436123623308,3.046171568971836,3.6847555637978786,1.4489907447590795,0.532962903490026,"[2.436608740517543, 4.118019842662459]"
