series,model,n,k,loglik,aic,bic,daic,dbic,weight,p_mu,p_sigma,p_nu,p_loc,p_scale,p_lam,p_beta,p_w,p_sd,p_a,p_b,p_alpha,p_gamma,p_delta0,p_delta1,p_n
bet,Normal,6670,2,-11701.600399904752,23407.200799809503,23420.81155008732,2425.192296151534,2411.5815458737125,0.0,0.06393125538818989,1.398533720593651,,,,,,,,,,,,,,
bet,Student-t,6670,3,-10495.195983167076,20996.39196633415,21016.80809175088,14.383462676181807,7.57808753727295,0.0007519708068948824,,,2.426091645073381,0.08450118530613238,0.7498330683185792,,,,,,,,,,,
bet,Skewed-t,6670,4,-10495.022131722137,20998.044263444273,21025.265763999912,16.03575978630397,16.03575978630397,0.0003291616434273038,0.07727573931299174,1.787758480045206,2.427212886137868,,,-0.009230490151925879,,,,,,,,,,
bet,GED,6670,3,-10552.54407716232,21111.08815432464,21131.50427974137,129.0796506666702,122.27427552776135,9.337706321230261e-29,,,,0.07513495561555643,0.6876210007821271,,0.8487333907792234,,,,,,,,,
bet,Mixture,6670,5,-10563.92923070097,21137.85846140194,21171.885337096486,155.84995774396884,162.6553328828777,1.435958502915821e-34,"[0.0915, -0.0482]",,,,,,,"[0.8027, 0.1973]","[0.7717, 2.7343]",,,,,,,
bet,NIG,6670,4,-10487.004251828985,20982.00850365797,21009.23000421361,0.0,0.0,0.9989188675496778,,,,0.09919087352445582,0.7888462654829878,,,,,0.3289942513871259,-0.014690586150789185,,,,,
bet,Stable,6670,4,-10540.03047389306,21088.06094778612,21115.28244834176,106.05244412815227,106.05244412815227,9.344037604064691e-24,,,,,,,-0.015724652361664287,,,,,1.4857174703459508,0.6223747443202737,0.08810365342833501,0.07786774713021317,6670.0
sp500,Normal,6714,2,-10822.867828306868,21649.735656613735,21663.359556968815,1993.1881587642602,1979.5642584091802,0.0,0.024718705886760773,1.212939250854622,,,,,,,,,,,,,,
sp500,Student-t,6714,3,-9848.118368097032,19702.236736194063,19722.672586726683,45.689238344588375,38.87728816704839,1.1986919875055935e-10,,,2.6689254297399794,0.0681694621531376,0.702811115598656,,,,,,,,,,,
sp500,Skewed-t,6714,4,-9838.305380368916,19684.610760737833,19711.858561447993,28.063262888357713,28.063262888357713,8.056372563212477e-07,0.024285568940071174,1.3934238314571759,2.6934525027763145,,,-0.06719788633197256,,,,,,,,,,
sp500,GED,6714,3,-9854.248628707663,19714.497257415325,19734.933107947945,57.9497595658504,51.137809388310416,2.6083703001513984e-13,,,,0.06780288113818066,0.653256606017273,,0.8797404296699624,,,,,,,,,
sp500,Mixture,6714,5,-9924.501203687287,19859.002407374574,19893.062158262273,202.45490952509863,209.2668597026386,1.0901208083313267e-44,"[0.0891, -0.2231]",,,,,,,"[0.7937, 0.2063]","[0.7141, 2.2565]",,,,,,,
sp500,NIG,6714,4,-9824.273748924737,19656.547497849475,19683.795298559635,0.0,0.0,0.9999991942426136,,,,0.11504111693126293,0.755259372921533,,,,,0.4034173670132657,-0.0479038303771354,,,,,
sp500,Stable,6714,4,-9892.915905965963,19793.831811931926,19821.079612642086,137.2843140824516,137.2843140824516,1.5455733515536412e-30,,,,,,,-0.18099503691301233,,,,,1.5404019873743737,0.5823708499469976,0.0929780941877052,0.00016822303720955,6714.0
dax,Normal,6786,2,-11948.50627644767,23901.01255289534,23914.65778678603,1357.0811554879037,1343.435921597218,2.058596739045345e-295,0.01947111355773934,1.4075066891128913,,,,,,,,,,,,,,
dax,Student-t,6786,3,-11294.257230342711,22594.514460685423,22614.982311521457,50.583063277987094,43.7604463326461,1.0375936672083463e-11,,,3.091915260866963,0.06311603698617005,0.9065092490313738,,,,,,,,,,,
dax,Skewed-t,6786,4,-11283.798261006834,22575.596522013668,22602.886989795043,31.665124606231984,31.665124606231984,1.3304712657145834e-07,0.015150623501642604,1.5237728822935561,3.107177800582183,,,-0.06956180097936383,,,,,,,,,,
dax,GED,6786,3,-11291.353537251169,22588.707074502337,22609.17492533837,44.775677094901766,37.95306014956077,1.8927148921629755e-10,,,,0.07588130943965324,0.9337818934071231,,0.9732918783104151,,,,,,,,,
dax,Mixture,6786,5,-11331.473694424743,22672.947388849487,22707.060473576206,129.01599144205102,135.83860838739565,9.650134398455832e-29,"[0.0915, -0.1981]",,,,,,,"[0.7512, 0.2488]","[0.8646, 2.3756]",,,,,,,
dax,NIG,6786,4,-11267.965698703718,22543.931397407436,22571.22186518881,0.0,0.0,0.9999998667532259,,,,0.13486036777083812,1.0324334679744145,,,,,0.5468117317793949,-0.06073595529184628,,,,,
dax,Stable,6786,4,-11344.344948564676,22696.689897129352,22723.980364910727,152.75849972191645,152.75849972191645,6.743932202187118e-34,,,,,,,-0.17902565502540368,,,,,1.6056717715725086,0.740074484831774,0.09044141339705254,-0.004027951767490878,6786.0
btc,Normal,4384,2,-11693.652158944784,23391.304317889568,23404.075751546825,1429.455578926143,1423.0698620975163,3.9597219429506e-311,0.1180559569237438,3.4847946927641185,,,,,,,,,,,,,,
btc,Student-t,4384,3,-11025.20704040392,22056.41408080784,22075.571231293725,94.56534184441625,94.56534184441625,2.9200927485115523e-21,,,2.2292975102299666,0.13409953799813212,1.8452209491179583,,,,,,,,,,,
btc,Skewed-t,4384,4,-11024.994727264962,22057.989454529925,22083.532321844436,96.14071556650015,102.5264323951269,1.3283379750011962e-21,0.16160327820869486,5.77703116384046,2.22701594645961,,,0.011611575002368348,,,,,,,,,,
btc,GED,4384,3,-10977.924369481712,21961.848738963425,21981.00588944931,0.0,0.0,0.999999348298018,,,,0.0970122946785941,1.5432155746672245,,0.799105269813488,,,,,,,,,
btc,Mixture,4384,5,-11055.229678347117,22120.459356694235,22152.387940837376,158.6106177308102,171.38205138806734,3.615277939380137e-35,"[0.1347, 0.0858]",,,,,,,"[0.6591, 0.3409]","[1.5843, 5.5471]",,,,,,,
btc,NIG,4384,4,-10991.168047292367,21990.336094584734,22015.878961899245,28.48735562130969,34.873072449936444,6.517019819863151e-07,,,,0.13001421011596434,1.8800856102097478,,,,,0.2803529307716971,-0.001783160420350247,,,,,
btc,Stable,4384,4,-11075.347233585853,22158.694467171706,22184.237334486217,196.8457282082818,203.23144503690855,1.800913872308872e-43,,,,,,,0.019114391422915683,,,,,1.4095132737297251,1.5389012836694478,0.13206892923238647,0.1713086924843811,4384.0
tlv,Normal,3788,2,-7511.550928001012,15027.101856002024,15039.581042910635,887.7187657922623,881.4791723379549,1.251141627306376e-193,0.08132557613236105,1.757772629663142,,,,,,,,,,,,,,
tlv,Student-t,3788,3,-7066.691545104881,14139.383090209762,14158.10187057268,0.0,0.0,0.7294360224841354,,,3.4362693336983003,0.0964330124670432,1.1489216364546206,,,,,,,,,,,
tlv,Skewed-t,3788,4,-7066.683494187038,14141.366988374077,14166.3253621913,1.9838981643151783,8.223491618620756,0.27051365604252664,0.09839249283639057,1.7772362659556427,3.435710458555647,,,0.0028372436427928287,,,,,,,,,,
tlv,GED,3788,3,-7116.447030356114,14238.894060712228,14257.612841075146,99.51097050246608,99.51097050246608,1.7966129166235438e-22,,,,0.1678403721670429,1.2439788014709514,,1.0237106490564283,,,,,,,,,
tlv,Mixture,3788,5,-7103.095307282813,14216.190614565627,14247.388581837156,76.8075243558651,89.28671126447625,1.5291328157059162e-17,"[0.1158, -0.218]",,,,,,,"[0.8967, 0.1033]","[1.264, 3.9922]",,,,,,,
tlv,NIG,3788,4,-7075.273208629096,14158.546417258192,14183.504791075417,19.1633270484308,25.40292050273638,5.031802779606382e-05,,,,0.11640093662015616,1.3767186249695245,,,,,0.652357876419031,-0.016615120974148516,,,,,
tlv,Stable,3788,4,-7084.862246118072,14177.724492236144,14202.682866053368,38.34140202638264,44.580995480688216,3.4455419546384875e-09,,,,,,,0.01915775131074535,,,,,1.6719117516497128,0.9316122809029077,0.09857581710432735,0.10868499464449353,3788.0
snp,Normal,3815,2,-7257.798517144257,14519.597034288514,14532.090426175952,678.5278661251559,672.2811701814371,3.2338469327827826e-148,0.07569707238644315,1.621738665197327,,,,,,,,,,,,,,
snp,Student-t,3815,3,-6917.534584081679,13841.069168163358,13859.809255994514,0.0,0.0,0.7082286601455167,,,3.787856937261221,0.08064792802235787,1.123198148768902,,,,,,,,,,,
snp,Skewed-t,3815,4,-6917.426038486646,13842.852076973291,13867.838860748165,1.7829088099333603,8.029604753650347,0.2904154845237477,0.08688542992652545,1.6352204078146035,3.785365213392595,,,0.010363278706026257,,,,,,,,,,
snp,GED,3815,3,-6956.371748082205,13918.74349616441,13937.483583995567,77.67432800105234,77.67432800105234,9.62514940107575e-18,,,,0.1071824041254952,1.2880259585874327,,1.0966418597632144,,,,,,,,,
snp,Mixture,3815,5,-6949.613371586089,13909.226743172178,13940.46022289077,68.15757500881955,80.65096689625534,1.121874132435127e-15,"[0.0923, -0.0496]",,,,,,,"[0.8831, 0.1169]","[1.2039, 3.3961]",,,,,,,
snp,NIG,3815,4,-6922.792918907666,13853.585837815332,13878.572621590205,12.516669651973643,18.76336559569063,0.001355854905394641,,,,0.08371527609613161,1.4045985457406345,,,,,0.7801435544612164,-0.004453407830910219,,,,,
snp,Stable,3815,4,-6937.767728209151,13883.535456418302,13908.522240193175,42.46628825494372,48.712984198660706,4.253399439564079e-10,,,,,,,0.02989538802839195,,,,,1.7084616654808635,0.9043718854825831,0.07950822984260517,0.0928344051581446,3815.0
brd,Normal,3771,2,-7251.045099417879,14506.090198835758,14518.560389830274,478.9796188142391,471.7347826060777,6.1063338007381395e-105,0.04439169564481071,1.6551730517427592,,,,,,,,,,,,,,
brd,Student-t,3771,3,-7011.060160366211,14028.120320732422,14046.825607224197,1.0097407109024061,0.0,0.3763750526749092,,,4.6726750962842285,0.06363249247143579,1.2418019398962308,,,,,,,,,,,
brd,Skewed-t,3771,4,-7009.55529001076,14027.11058002152,14052.050962010553,0.0,5.225354786356547,0.6235671652206407,0.043957692569217235,1.6426071662005983,4.670125612898815,,,-0.04029742113725166,,,,,,,,,,
brd,GED,3771,3,-7056.297640249955,14118.59528049991,14137.300566991686,91.48470047839146,90.47495976748905,8.496360683279103e-21,,,,0.10408583751474293,1.523025220941185,,1.216554711733766,,,,,,,,,
brd,Mixture,3771,5,-7024.685674383739,14059.371348767478,14090.546826253769,32.26076874595856,43.72121902957224,6.159512126696404e-08,"[0.0755, -0.1926]",,,,,,,"[0.884, 0.116]","[1.2808, 3.3242]",,,,,,,
brd,NIG,3771,4,-7018.96846093187,14045.93692186374,14070.877303852774,18.826341842221154,24.0516966285777,5.090905675659054e-05,,,,0.14563242357786588,1.7543282326409453,,,,,1.170916798343668,-0.06746042165951144,,,,,
brd,Stable,3771,4,-7020.979896374664,14049.959792749329,14074.900174738363,22.849212727809572,28.07456751416612,6.811452572097444e-06,,,,,,,-0.10091924163737634,,,,,1.7698547764518153,0.9752498546767526,0.07957219685579192,0.04235616076525743,3771.0
