,,mse,r2_mean,r2_har,qlike,dm_t,dm_p
S&P 500,Mean,1.1238,0.0000,-1.5956,0.8745,5.8675,0.0000
S&P 500,HAR,0.4330,0.6147,0.0000,0.4141,,
S&P 500,Lasso,0.4024,0.6419,0.0707,0.3998,-5.1223,0.0000
S&P 500,RF,0.4287,0.6185,0.0099,0.4158,0.3220,0.7475
S&P 500,GB,0.4445,0.6045,-0.0267,0.4206,1.0204,0.3076
S&P 500,MLP,0.3969,0.6468,0.0833,0.3976,-3.9628,0.0001
Bitcoin,Mean,0.9905,0.0000,-0.7864,3.3350,7.4177,0.0000
Bitcoin,HAR,0.5545,0.4402,0.0000,3.1115,,
Bitcoin,Lasso,0.5435,0.4513,0.0198,3.1078,-0.6429,0.5203
Bitcoin,RF,0.5608,0.4338,-0.0115,3.1193,0.8099,0.4180
Bitcoin,GB,0.5779,0.4165,-0.0423,3.1478,2.1215,0.0339
Bitcoin,MLP,0.5563,0.4384,-0.0033,3.1228,1.0976,0.2724
