,S&P 500,BET,Bitcoin
observations,2943.0,2925.0,4278.0
obs per year,251.505,250.025,365.335
mean log return % p.a.,11.22,13.227,47.403
volatility % p.a.,17.69,15.541,66.68
Sharpe (rf = 0),0.723,0.929,1.043
MDD %,-33.925,-31.124,-83.399
skewness,-0.644,-1.414,-0.731
excess kurtosis,15.849,17.847,12.167
Jarque-Bera,31004.891,39794.031,26770.367
Hill alpha (k = 2.5%),2.753,2.194,2.67
Ljung-Box r (10),236.419,54.658,21.355
Ljung-Box r^2 (10),3165.908,700.582,210.751
VR(5),0.84,1.172,0.988
Z*(5),-1.336,1.927,-0.223
GARCH alpha + beta,0.993,0.925,1.0
VaR 1% HS,3.29,2.723,10.603
VaR 1% Normal,2.55,2.234,7.986
ES 2.5% HS,3.531,3.21,10.927
Hurst R/S r,0.534,0.593,0.586
Hurst R/S |r|,0.842,0.753,0.779
