,n,obs_per_year,years,mean_arith,mean_log,cagr,vol,drag,half_var,sharpe,sharpe_se,sharpe_lo,sharpe_hi,sortino,mdd,mdd_peak,mdd_trough,mdd_recovery,calmar
S&P 500,2943,251.5046209639682,11.709787816563997,0.12784070882056656,0.11220192780183558,0.11865069948008933,0.17645750077965225,0.01563878101873098,0.015568624790700487,0.7244844127096931,0.29248548804859953,0.15121285613443802,1.2977559692849483,1.0182586812138754,-0.339249600261347,2020-02-19,2020-03-23,2020-08-18,0.3497445520604435
DAX,2972,253.98291998128218,11.709787816563997,0.09953335263066483,0.08137263597969763,0.08471313364241673,0.19022921919372515,0.018160716650967204,0.018093577917527165,0.5232285190073892,0.29241177249111827,-0.04989855507520258,1.096355593089981,0.7317573095726387,-0.3877938936833709,2020-02-19,2020-03-18,2020-12-28,0.21844885910344938
BET,2925,250.0248654341212,11.7015742642026,0.14432929998586522,0.13226992699910795,0.1413810532661106,0.1544950861376707,0.012059372986757272,0.011934365820343146,0.934199938613279,0.29262223259254244,0.36066036273189583,1.5077395144946621,1.2814542646195808,-0.3112404902272561,2020-01-23,2020-03-23,2021-01-13,0.4542501946417045
BET-TR,2925,250.0248654341212,11.7015742642026,0.2120565566676753,0.20005393657181728,0.2214114660359654,0.15385470128886225,0.012002620095858035,0.011835634554342516,1.3782910427256887,0.2929220359698138,0.8041638522248536,1.9524182332265236,1.9235367756350583,-0.3111544783497252,2020-01-23,2020-03-23,2020-12-28,0.7115805217082807
Bitcoin,4278,365.3353986439093,11.71252566735113,0.6953218783856638,0.4740309223055567,0.6062786653562691,0.6623069861281355,0.22129095608010713,0.21932527193706716,1.0498483225287025,0.2924507883840916,0.47664477729588295,1.623051867761522,1.5466165125121716,-0.8339900920034271,2017-12-16,2018-12-15,2020-11-30,0.7269614725276349
Banca Transilvania,2677,228.7726368741226,11.71252566735113,0.2743170715905396,0.24176854917081478,0.2732115545913816,0.2545205385697661,0.03254852241972481,0.03239035227692189,1.077779707413856,0.29270385680060085,0.5040801480846784,1.6514792667430336,1.5907858325765263,-0.3889960410110649,2020-01-15,2020-03-23,2020-12-18,0.7023504760646399
OMV Petrom,2683,229.2853883949462,11.71252566735113,0.2075627439797427,0.18029798494194504,0.19737229711449533,0.23271612700527988,0.027264759037797653,0.027078397884168777,0.8919138808761351,0.2925864606680055,0.3184444179668444,1.4653833437854258,1.286497704537934,-0.4544189283228949,2015-01-01,2016-02-12,2018-09-20,0.43433995551842236
BRD,2695,230.31089143659338,11.71252566735113,0.2029019492648233,0.17314159257419307,0.18884197414328163,0.24335174208232657,0.029760356690630235,0.029610035187251596,0.833780549621794,0.2925535242334198,0.2603756421242912,1.4071854571192968,1.2090097162669886,-0.35612388043595544,2022-02-11,2022-09-29,2023-11-03,0.5302704606950461
Nuclearelectrica,2655,226.89254796443615,11.71252566735113,0.29467172871109887,0.26780075633889194,0.30675943429712893,0.23177236776305127,0.026870972372206925,0.026859215229245545,1.2713842100985553,0.29285320031985645,0.6973919374716366,1.845376482725474,2.0033923140964944,-0.36843168957154415,2015-07-02,2016-05-11,2017-04-04,0.8326087114109674
Transgaz,2560,218.7739822180627,11.71252566735113,0.2253678591277453,0.1989044640424376,0.21983851485831218,0.22993335469767748,0.026463395085307678,0.02643467380126398,0.9801442658202633,0.2926537547337382,0.4065429065421363,1.55374562509839,1.490358568483585,-0.44829358893569027,2019-12-09,2022-03-07,2023-03-08,0.49038960244833885
