,region,mes5,lo,hi,mes2,n2,lrmes,Lstar,beta,es5_m,n
JPM,US,4.196675849789455,3.461283397194521,5.016528540901255,4.474385381142578,222,0.5530861215565821,6.139509602099306,1.3568816244375053,3.0352354476745034,5229
BAC,US,5.312995521891173,4.2018218621707275,6.5188296049020105,5.684971895769543,222,0.6405912436894723,5.133200697571069,1.6077057148668987,3.0352354476745034,5229
C,US,5.443503723174151,4.311278966139862,6.729144359618117,5.903705520809411,222,0.6544669540988144,4.973630027863635,1.658747130890774,3.0352354476745034,5229
GS,US,4.047776814716523,3.368374489734628,4.753281602688875,4.329714378683512,222,0.5412952803123497,6.275104276407978,1.3352437702718578,3.0352354476745034,5229
MS,US,5.190776010647843,4.194438788735714,6.338437395803854,5.566145840723284,222,0.632821161528073,5.222556642427161,1.726454142363393,3.0352354476745034,5229
WFC,US,4.398205826317095,3.5422503898746474,5.2115153922481925,4.649138029519987,222,0.5669252119886299,5.980360062130757,1.3894800911312113,3.0352354476745034,5229
DBK,EU,4.812299755603098,4.119107911435977,5.48893536505925,4.735696129614166,274,0.5736204228769972,5.903365136914532,1.4396586068607784,3.2823760962974724,5212
BNP,EU,4.604981447920179,3.9642804200701263,5.2371385246312885,4.497708968811144,274,0.5549584428783763,6.117977906898673,1.3707396577838311,3.2823760962974724,5212
SAN,EU,4.352369646028837,3.778005011925126,4.967005784534946,4.252438048374762,274,0.5348702354174755,6.348992292699032,1.3282104018561933,3.2823760962974724,5212
INGA,EU,5.350694887369364,4.438536717569596,6.379691988961304,5.23034390094197,274,0.6099428071081185,5.485657718256636,1.5418803745541272,3.2823760962974724,5212
HSBA,EU,2.9036676423588705,2.4694805103717017,3.32177566822634,2.8407422045780537,274,0.40030470643695293,7.896495875975042,0.8084353417739382,3.2823760962974724,5212
TLV,RO,3.54337401801144,2.9082453863952886,4.2523642111950934,4.108085426849141,116,0.5226261664149261,6.48979908622835,1.218579612085934,2.9505725974702317,3414
BRD,RO,3.0047982871594567,2.462425271778057,3.75946608275997,3.5572551259494216,116,0.4728688619918727,7.062008087093464,1.0476028450849837,2.9505725974702317,3414
