variable,bin,n,bad_rate,woe,points
status,1,190,0.4947,-0.8262,65.5090
status,2,189,0.3757,-0.3393,77.1592
status,3,39,0.2051,0.5072,97.4125
status,4,282,0.1312,1.0430,110.2313
credit_history,0,26,0.5385,-1.0014,65.7623
credit_history,1,34,0.5000,-0.8473,68.7661
credit_history,2,376,0.3218,-0.1018,83.2926
credit_history,3,56,0.3750,-0.3365,78.7202
credit_history,4,208,0.1779,0.6834,98.5945
purpose,0,166,0.3494,-0.2243,79.2147
purpose,1,75,0.1600,0.8123,107.2346
purpose,2,120,0.3083,-0.0380,84.2491
purpose,3,197,0.2335,0.3427,94.5406
purpose,4,7,0.5714,-1.1336,54.6325
purpose,5,19,0.3684,-0.3069,76.9794
purpose,6,35,0.5143,-0.9031,60.8641
purpose,8,5,0.0000,1.5520,127.2294
purpose,9,70,0.3429,-0.1954,79.9960
purpose,10,6,0.6667,-1.5391,43.6719
savings,1,430,0.3558,-0.2537,79.9587
savings,2,66,0.3182,-0.0852,83.4918
savings,3,49,0.2041,0.5137,96.0437
savings,4,29,0.1379,0.9853,105.9289
savings,5,126,0.1746,0.7061,100.0760
duration,0,255,0.2078,0.4907,100.5914
duration,1,127,0.3071,-0.0335,84.2305
duration,2,162,0.3210,-0.0981,82.2161
duration,3,102,0.3922,-0.4090,72.5100
duration,4,54,0.4815,-0.7732,61.1446
employment_duration,1,46,0.3696,-0.3132,77.3847
employment_duration,2,124,0.4274,-0.5549,71.2947
employment_duration,3,244,0.2951,0.0235,85.8696
employment_duration,4,119,0.1933,0.5816,99.9302
employment_duration,5,167,0.2695,0.1501,89.0578
