,n,obs_per_year,mean,sd,skew,exkurt,min,min_date,max,max_date,q01,q99,ann_mean,ann_vol,se_ann_mean
S&P 500,2943,251.5046209639682,0.0446122728766523,1.1154517771349979,-0.643982538491838,15.848794710407027,-12.76521830653392,2020-03-16,9.089488332329232,2025-04-09,-3.2757952981983234,2.574202540765692,11.220192780183556,17.68983508496898,5.1713226783455895
DAX,2972,253.98291998128218,0.03203862526885452,1.1966939270875645,-0.5648074799710103,9.972599634472397,-13.054860415614833,2020-03-12,10.41428867104024,2020-03-24,-3.5199544032190744,3.0871261252755744,8.137263597969763,19.071521552084572,5.575235237588681
BET,2925,250.0248654341212,0.05290270900434085,0.982847823180514,-1.4142591233015729,17.846977610123204,-11.892007382004266,2018-12-19,6.816861413405384,2018-12-24,-2.71954824895046,2.3669208464381577,13.226992699910795,15.540961380798963,4.543667545934499
BET-TR,2925,250.0248654341212,0.08001361633550376,0.9785639065952755,-1.4323187930235906,18.116562457337643,-11.857200911883048,2018-12-19,6.706696449602667,2018-12-24,-2.719659671420594,2.391267714545118,20.00539365718173,15.473223343801216,4.523863164931902
Bitcoin,4278,365.3353986439093,0.12975225616381958,3.488597753516436,-0.7314270565831106,12.16735167975566,-46.47302066631713,2020-03-12,22.51189543413279,2017-12-07,-10.556617961999095,9.87206514475545,47.403092230555664,66.6801816227205,19.485980394633415
Banca Transilvania,2677,228.7726368741226,0.10568071097761701,1.6850366479312386,-0.5546937778343022,25.196397792549615,-22.206745813454987,2018-12-19,20.53379607141206,2016-05-31,-4.575146982001131,4.127495199590314,24.17685491708148,25.486569884235404,7.450565604626573
OMV Petrom,2683,229.2853883949462,0.07863474694313277,1.5422424080748762,-0.6550846341853328,9.233248162319732,-14.97821264142727,2020-03-09,9.991665288520313,2018-12-24,-4.167740853761848,3.9294321211774195,18.029798494194505,23.35290059899187,6.826823647176399
BRD,2695,230.31089143659338,0.07517733594542596,1.607506302160268,-0.5065274999078995,9.158353324398654,-18.17183651049561,2018-12-19,10.337711512676506,2019-02-04,-4.332226486134303,4.031288913452563,17.314159257419306,24.39551116292643,7.131613128144413
Nuclearelectrica,2655,226.89254796443615,0.11802977168772764,1.5326022449625263,0.29438209561528106,5.199109265817963,-9.421287454656957,2020-03-09,11.250792567930423,2022-03-09,-4.004178131846456,4.614927091586813,26.780075633889194,23.08551532330911,6.748658105589816
Transgaz,2560,218.7739822180627,0.09091778740132812,1.5521597525665556,0.010285688130539011,5.257178226253325,-10.134888271159426,2018-12-19,11.099140386141926,2023-05-02,-4.091492327725959,4.484992164747726,19.890446404243765,22.958010705038937,6.711384297163269
