,iv_full,iv_train,strength
age,0.0885,0.0962,weak
amount,0.0824,0.0893,weak
credit_history,0.2932,0.2148,medium
duration,0.1824,0.1586,medium
employment_duration,0.0864,0.1221,weak
foreign_worker,0.0439,0.0199,weak
housing,0.0854,0.0728,weak
installment_rate,0.0263,0.0632,weak
job,0.0088,0.0086,useless
number_credits,0.0133,0.0234,useless
other_debtors,0.0320,0.0699,weak
other_installment_plans,0.0576,0.0611,weak
people_liable,0.0000,0.0011,useless
personal_status_sex,0.0447,0.0593,weak
present_residence,0.0036,0.0005,useless
property,0.1126,0.0819,medium
purpose,0.1692,0.2052,medium
savings,0.1960,0.1659,medium
status,0.6660,0.5915,strong
telephone,0.0064,0.0003,useless
