,,n,x,rate,lr_uc,p_uc,lr_ind,p_ind,lr_cc,p_cc,last250,z2,p_z2
S&P 500,HS,5460.0000,77.0000,0.0141,8.2338,0.0041,19.4303,0.0000,27.6640,0.0000,0.0000,-0.3917,0.0000
S&P 500,Normal,5460.0000,148.0000,0.0271,109.9880,0.0000,25.5638,0.0000,135.5518,0.0000,2.0000,-1.1481,0.0000
S&P 500,GARCH-t,5460.0000,95.0000,0.0174,24.7329,0.0000,2.4950,0.1142,27.2279,0.0000,3.0000,-0.5397,0.0000
S&P 500,FHS,5460.0000,86.0000,0.0158,15.5247,0.0001,3.5390,0.0599,19.0637,0.0001,3.0000,-0.2043,0.0130
DAX,HS,5517.0000,67.0000,0.0121,2.3983,0.1215,14.4409,0.0001,16.8391,0.0002,1.0000,-0.2589,0.0020
DAX,Normal,5517.0000,133.0000,0.0241,79.5157,0.0000,18.3396,0.0000,97.8553,0.0000,3.0000,-0.8720,0.0000
DAX,GARCH-t,5517.0000,84.0000,0.0152,13.1192,0.0003,0.3588,0.5492,13.4780,0.0012,3.0000,-0.4941,0.0000
DAX,FHS,5517.0000,77.0000,0.0140,7.7688,0.0053,0.6563,0.4179,8.4251,0.0148,3.0000,-0.1846,0.0140
BET,HS,5432.0000,66.0000,0.0122,2.3740,0.1234,10.4601,0.0012,12.8341,0.0016,4.0000,-0.2660,0.0010
BET,Normal,5432.0000,122.0000,0.0225,62.9227,0.0000,25.3669,0.0000,88.2896,0.0000,6.0000,-0.8260,0.0000
BET,GARCH-t,5432.0000,65.0000,0.0120,1.9955,0.1578,0.0596,0.8071,2.0552,0.3579,3.0000,-0.2162,0.0070
BET,FHS,5432.0000,65.0000,0.0120,1.9955,0.1578,1.3800,0.2401,3.3755,0.1849,2.0000,-0.1766,0.0210
Bitcoin,HS,3548.0000,33.0000,0.0093,0.1793,0.6720,1.0055,0.3160,1.1847,0.5530,3.0000,-0.0697,0.2240
Bitcoin,Normal,3548.0000,69.0000,0.0194,25.0699,0.0000,3.6337,0.0566,28.7036,0.0000,4.0000,-0.5642,0.0000
Bitcoin,GARCH-t,3548.0000,48.0000,0.0135,4.0189,0.0450,0.1673,0.6825,4.1862,0.1233,2.0000,-0.4050,0.0000
Bitcoin,FHS,3548.0000,24.0000,0.0068,4.2335,0.0396,2.0200,0.1552,6.2536,0.0439,2.0000,0.1188,0.8340
